name#Grade#email#address#region#country $Malcolm Barnes#9#velit.aliquam@outlook.couk#"375-3721 Elementum# Road"#Adana#United Kingdom $Devin Crane#0#eu.sem@outlook.edu#"217-4777 Lorem# Rd."#South Australia#Ukraine $Isaiah Jacobson#10#class.aptent@icloud.net#339-2256 Sagittis Rd.#Oslo#Netherlands $Cedric Burris#2#vitae.dolor.donec@aol.net#"P.O. Box 990# 8379 Vel Avenue"#Hà Giang#Brazil $Mark Delgado#2#quis.massa.mauris@aol.com#Ap #494-9054 Sed St.#Sokoto#Peru $Fritz Howe#8#nunc.in@hotmail.couk#480-6041 Nam Ave#Sokoto#Peru $Walker Tate#4#arcu.et@outlook.couk#"2696 Vulputate# Ave"#Puntarenas#Spain $Wallace Fischer#6#viverra.donec@hotmail.org#634-7895 Viverra. Ave#South Kalimantan#Turkey $Wayne Frost#9#felis.ullamcorper@hotmail.org#Ap #873-7960 Aliquet St.#Tennessee#India $Celeste Lynn#3#consequat.purus@icloud.com#Ap #908-7270 In Avenue#British Columbia#Belgium $Gemma Estrada#7#eu.dolor@protonmail.couk#Ap #730-224 Magnis Ave#Sonora#New Zealand $Chaney Greene#6#fermentum.convallis.ligula@icloud.ca#3300 Dapibus Rd.#South Island#Ukraine $Solomon Cantrell#7#nec.metus@yahoo.com#900-5262 Quisque St.#East Region#China $Hope Huber#1#felis.nulla.tempor@aol.ca#"865-1277 Id# Street"#East Region#China $Edward Woodard#1#vitae.nibh@aol.ca#3257 Rutrum Rd.#Principado de Asturias#France $Kitra Dotson#3#mi.aliquam.gravida@yahoo.net#4776 Sodales Street#Viken#Belgium $Conan Stanley#2#class.aptent@protonmail.couk#"P.O. Box 485# 8710 Lobortis Rd."#Viken#Belgium $Portia Garcia#6#in.tincidunt.congue@yahoo.edu#"P.O. Box 507# 7725 Tellus. Av."#Saint Petersburg City#Brazil $Britanney Nunez#4#montes@aol.net#Ap #184-2135 Sagittis St.#Saint Petersburg City#Brazil $Alea Sherman#7#vestibulum.massa@icloud.com#"P.O. Box 733# 5369 Ornare# Ave"#Thái Bình#Canada $Brynn Sweeney#1#quisque.ac@aol.couk#2344 Ac Street#Viken#Mexico $Ila Carr#10#leo@icloud.net#629-144 Est. Ave#Staffordshire#Canada $Vivian Henderson#7#nunc@outlook.edu#"9422 Amet# Rd."#Jigawa#Canada $Kristen Bray#4#ipsum@aol.ca#5415 Consequat Street#Luik#Netherlands $Mollie Schmidt#6#luctus.sit@outlook.edu#2213 Dictum Rd.#Cheshire#Peru $Lillian Huber#1#risus.donec@outlook.net#"P.O. Box 743# 7082 Ut Avenue"#Bourgogne#Ireland $Merritt Christensen#5#sit.amet.metus@google.ca#Ap #728-7344 Pede. Road#Gelderland#Russian Federation $Uriel Beck#7#aliquam.fringilla@protonmail.edu#"368-263 A# Av."#Gelderland#Russian Federation $Martha Sharp#0#lobortis.class@hotmail.edu#914-413 Velit Ave#North-East Region#Netherlands $Julian Castillo#3#id@outlook.edu#"Ap #772-5501 Erat# Rd."#Lakshadweep#Italy $Idona Webster#5#et@protonmail.couk#174-3527 Tempus Avenue#Eastern Cape#New Zealand $Portia Harris#9#leo.elementum@protonmail.couk#"724-9322 Amet# Ave"#Noord Holland#Poland $Joelle Hinton#1#blandit@google.edu#Ap #697-7153 Ut St.#Piura#Poland $Janna Curry#5#molestie.pharetra@yahoo.edu#Ap #210-7638 Nunc Avenue#Flintshire#Germany $Leroy Atkinson#2#a.nunc@hotmail.couk#Ap #655-5992 Turpis. Street#Nunavut#Australia $Stacy Stuart#5#dolor.fusce@icloud.couk#312 In Av.#Kharkiv oblast#Norway $Joy Mejia#9#nec.ligula.consectetuer@icloud.couk#"Ap #324-7069 In# Rd."#Kharkiv oblast#Norway $Robin Byrd#8#sed@hotmail.ca#Ap #707-4461 Adipiscing Avenue#Leinster#Nigeria $Priscilla Oliver#0#phasellus.elit.pede@aol.couk#3088 Egestas. Road#North Island#Philippines $Macy Lucas#6#justo.nec@outlook.ca#Ap #275-4387 Neque St.#North Island#Philippines $Maxwell Atkinson#3#in.faucibus.orci@google.net#7695 Ante. Ave#Newfoundland and Labrador#China $Deborah Weber#4#cras.vulputate@hotmail.ca#"P.O. Box 227# 3215 Egestas Rd."#Lagos#United Kingdom $Asher Sampson#3#sed.sapien@yahoo.com#357-9720 Nisi St.#Calabria#Canada $Fritz Mason#7#aliquam.tincidunt@aol.org#Ap #168-3089 Nonummy Avenue#Luxemburg#Ireland $Drew Lester#5#ultrices@hotmail.org#Ap #531-2307 Mauris Rd.#Nordland#Australia $Victor Branch#1#praesent.luctus@aol.couk#"P.O. Box 844# 2641 Curabitur Avenue"#Nordland#Australia $Jamalia Glenn#0#ultrices.duis.volutpat@outlook.org#147-9058 Tristique St.#North Jeolla#Russian Federation $Debra Velez#4#consequat.lectus@yahoo.com#530-743 Rutrum Road#Sinaloa#Spain $Arthur Lyons#2#conubia.nostra@google.com#"P.O. Box 184# 7637 Iaculis Rd."#Meghalaya#Turkey $Steel Bradshaw#5#dolor.fusce@google.net#Ap #244-4361 Aliquam Street#Victoria#France $Idola Mills#7#malesuada@protonmail.ca#Ap #915-8084 Ridiculus Street#Australian Capital Territory#France $Kim Dennis#6#amet@icloud.com#Ap #870-3406 Nec Road#West Region#Colombia $Rose Dominguez#0#est.congue@yahoo.edu#9208 Eu Road#West Region#Colombia $Candace Lancaster#0#primis.in.faucibus@yahoo.net#"654-6713 Nec# Av."#West Region#Colombia $Mark Mays#0#velit.sed@hotmail.net#624-4965 Nisi. Ave#Ankara#Ireland $Athena Mccall#3#a.dui@hotmail.edu#"305-5528 Dolor# Av."#Ceuta#South Africa $Barrett Valencia#10#pede@yahoo.org#Ap #679-461 Nulla Ave#Mykolaiv oblast#Peru $Daniel Cantu#8#feugiat.nec@protonmail.couk#958 Vulputate Rd.#Murcia#Pakistan $Aquila Sexton#9#eget@aol.edu#Ap #675-8281 Lorem Avenue#North Island#India $Dawn Owen#4#vulputate.nisi@outlook.edu#4490 Risus. Avenue#Lakshadweep#Canada $Steven Warner#5#justo@outlook.net#5510 Enim. Av.#Trentino-Alto Adige#Ukraine $Jack Keller#6#facilisis.non@icloud.ca#838-4631 Nam Ave#North Island#Singapore $Ashton Mcclure#9#ultricies.ligula@hotmail.net#330-4040 Natoque Av.#Sokoto#Vietnam $Autumn Hart#6#morbi@protonmail.com#3712 Ut Street#Limpopo#Costa Rica $Kenneth Mccormick#7#at.velit@outlook.net#"P.O. Box 155# 1042 Faucibus Av."#Mpumalanga#Vietnam $Rhiannon Shepard#8#tempus@protonmail.net#254-3275 Id Ave#Kogi#Indonesia $Hermione Franklin#9#ante.dictum@yahoo.ca#Ap #862-4027 Feugiat Rd.#Comunitat Valenciana#Colombia $Deirdre Dotson#4#sit@aol.edu#"614 A# Rd."#Cornwall#Italy $Cheryl Nichols#7#nam.porttitor@protonmail.net#Ap #720-5778 Suspendisse Ave#Cornwall#Italy $Rogan Collier#3#ut.tincidunt@protonmail.edu#233-4874 Molestie Street#Connacht#India $Janna Ayala#9#egestas.blandit.nam@yahoo.com#Ap #396-204 Praesent Street#South Island#Singapore $Declan Thornton#0#donec.tempus@outlook.net#145-5160 Elit St.#Zakarpattia oblast#France $Calista Gross#7#euismod.urna.nullam@yahoo.net#Ap #879-4354 Purus. Ave#Zakarpattia oblast#France $Cameran Pierce#1#fames.ac@outlook.edu#Ap #703-5544 Erat Av.#Western Australia#Nigeria $Keegan Gonzales#3#ultrices.duis@icloud.ca#"P.O. Box 691# 4982 Hendrerit Av."#Antalya#Philippines $Yardley Cherry#4#arcu.sed@outlook.com#4985 Augue Ave#Antalya#Philippines $Roary Nichols#6#quisque.purus.sapien@yahoo.couk#"Ap #794-6411 Lorem# Rd."#Kano#India $Jordan Payne#9#nullam.feugiat.placerat@outlook.net#531-9901 Duis Road#North West#China $Maggy Mcmahon#2#sem@outlook.org#262-2915 Pellentesque St.#South Island#Chile $Maxine Mccarty#0#tincidunt.donec.vitae@hotmail.ca#Ap #931-3237 Quisque Rd.#Limpopo#Singapore $Bruce Maddox#2#quisque.purus@protonmail.couk#7781 Ante Ave#Puno#Netherlands $Ezra Levy#9#donec.non@google.edu#"P.O. Box 695# 3244 At# Street"#Arunachal Pradesh#France $Nasim Lambert#0#cursus@aol.couk#Ap #645-301 Rhoncus. Rd.#Nordland#Chile $Walter Barnes#6#auctor.odio@yahoo.edu#Ap #331-9939 Nibh Av.#Manitoba#South Korea $Jenna Lambert#7#sagittis.felis.donec@outlook.com#Ap #560-6484 Nibh Street#Northern Cape#New Zealand $Abraham Townsend#3#facilisis.non@google.org#523-8558 Lectus Avenue#Lancashire#India $Ima Mcdonald#2#cubilia@outlook.com#"597-1226 Non# Rd."#Donetsk oblast#United Kingdom $Len Rosa#0#eu.odio.phasellus@icloud.ca#8262 Interdum. Ave#Vinnytsia oblast#Pakistan $Kelly Kane#8#quisque.imperdiet@hotmail.couk#Ap #167-1479 Enim. Av.#Nordland#Brazil $Ferris Bishop#7#egestas@google.couk#371-6964 Placerat Avenue#Mississippi#Ireland $Kenyon Fields#7#sem@aol.edu#486-6311 Amet Av.#Papua#Ireland $Kane Wise#10#in.tempus@outlook.org#837-8715 Aliquam Street#South Chungcheong#Russian Federation $Alyssa Wilkinson#8#aliquet.proin@outlook.org#"P.O. Box 175# 9681 Pellentesque Av."#Coquimbo#Sweden $Isaac Booth#3#eleifend.egestas.sed@yahoo.edu#386-2660 In Ave#Vienna#United Kingdom $Glenna Short#10#convallis.in.cursus@icloud.ca#602-2298 Eros St.#Maine#Chile $Abraham Stephenson#6#lobortis.tellus@outlook.org#"P.O. Box 111# 9940 Sed Street"#Azad Kashmir#Turkey $Martin Lucas#4#sapien.molestie@yahoo.net#854-9670 Suspendisse Av.#Coquimbo#Norway $Jaden Rivas#6#nec@google.org#Ap #483-2209 Malesuada. Avenue#Georgia#Mexico $Zahir Mueller#7#eget@hotmail.com#8467 Vitae Rd.#Georgia#Mexico $Hilel Hodges#1#interdum@hotmail.edu#1313 Purus. Ave#Magdalena#United States